Workbook

Sheet Data
C4: Country | D4: Product | E4: Sales Person | F4: Date | G4: Amount | H4: Boxes | I4: Category
C5: Australia | D5: Almond Choco | E5: Ramalingam Kothapeta | F5: 44952 | G5: 70422.8 | H5: 47 | I5: Bars
C6: Australia | D6: 85% Dark Bars | E6: Devsena Veluvalapalli | F6: 45146 | G6: 670862.5 | H6: 1094 | I6: Bars
C7: UK | D7: Orange Choco | E7: Devsena Veluvalapalli | F7: 45069 | G7: 171422.16 | H7: 199 | I7: Bars
C8: India | D8: Smooth Sliky Salty | E8: Parasuramudu Jamakayala | F8: 44959 | G8: 514083.57 | H8: 588 | I8: Bars
C9: USA | D9: Peanut Butter Cubes | E9: Sreenivasa Naik Gudiwada | F9: 44944 | G9: 479902.5 | H9: 330 | I9: Bites
C10: Australia | D10: Fruit & Nut Bars | E10: Ramalingam Kothapeta | F10: 45118 | G10: 816698.4 | H10: 984 | I10: Bars
C11: Australia | D11: Fruit & Nut Bars | E11: Nazeer Basha Mustafa | F11: 45161 | G11: 472761.17 | H11: 429 | I11: Bars
C12: USA | D12: Almond Choco | E12: Sravanthi Chalaki | F12: 44998 | G12: 176408.96 | H12: 113 | I12: Bars
C13: Canada | D13: Drinking Coco | E13: Yedukondalu Panditula | F13: 44967 | G13: 352655.1 | H13: 198 | I13: Other
C14: Australia | D14: Raspberry Choco | E14: Duran Appala | F14: 45093 | G14: 1294320.3 | H14: 1479 | I14: Bars
C15: USA | D15: Raspberry Choco | E15: Ramalingam Kothapeta | F15: 45099 | G15: 11864.16 | H15: 12 | I15: Bars
C16: Canada | D16: Raspberry Choco | E16: John Joseph | F16: 45160 | G16: 623804.58 | H16: 689 | I16: Bars
... C1804: USA | D1804: 70% Dark Bites | E1804: Gopal Venkata | F1804: 44995 | G1804: 808245.27 | H1804: 583 | I1804: Bites

Sheet dashboard
E3: Monthly Sales Dashboard - Awesome chocolates
C6: TOTAL SALES | E6: TOTAL BOXES | G6: TOTAL SHIPMENTS | I6: SALES PER PERSON
C7: =GETPIVOTDATA("[Measures].[Sum of Amount]",calc!$C$7) -> 7.5017749e+08 | E7: =GETPIVOTDATA("[Measures].[Sum of Boxes]",calc!$C$7) -> 669020 | G7: =GETPIVOTDATA("[Measures].[Count of Product]",calc!$C$7) -> 1800 | I7: =GETPIVOTDATA("[Measures].[avg amount per person]",calc!$C$7) -> 30007100
C27: =calc!N36 -> Row Labels | E27: =calc!O36 -> SALES BY GEOGRAPHY | G27: =calc!P36 -> Sum of Boxes | I27: =calc!Q36 -> Count of Product
C28: =calc!N37 -> Devrat Damarsingh | D28: =_xlfn.RANK.AVG(E29,E29:E52,0) -> 5 | E28: =calc!O37 -> 33361934 | G28: =calc!P37 -> 30608 | I28: =calc!Q37 -> 77
C29: =calc!N38 -> Devsena Veluvalapalli | D29: =_xlfn.RANK.AVG(E30,E30:E53,0) -> 1 | E29: =calc!O38 -> 34520949 | G29: =calc!P38 -> 33282 | I29: =calc!Q38 -> 76
C30: =calc!N39 -> Dinanath Simhambhatla | D30: =_xlfn.RANK.AVG(E31,E31:E54,0) -> 17 | E30: =calc!O39 -> 37033916 | G30: =calc!P39 -> 30805 | I30: =calc!Q39 -> 81
C31: =calc!N40 -> Duran Appala | D31: =_xlfn.RANK.AVG(E32,E32:E55,0) -> 15 | E31: =calc!O40 -> 26761927 | G31: =calc!P40 -> 24550 | I31: =calc!Q40 -> 71
C32: =calc!N41 -> Gopal Venkata | D32: =_xlfn.RANK.AVG(E33,E33:E56,0) -> 4 | E32: =calc!O41 -> 27533038 | G32: =calc!P41 -> 23645 | I32: =calc!Q41 -> 70
C33: =calc!N42 -> Gowri Sankar Chakrala | D33: =_xlfn.RANK.AVG(E34,E34:E57,0) -> 13 | E33: =calc!O42 -> 34079382 | G33: =calc!P42 -> 30966 | I33: =calc!Q42 -> 80
C34: =calc!N43 -> Jaipal Potanapudi | D34: =_xlfn.RANK.AVG(E35,E35:E58,0) -> 17 | E34: =calc!O43 -> 28619176 | G34: =calc!P43 -> 25820 | I34: =calc!Q43 -> 65
C35: =calc!N44 -> John Joseph | D35: =_xlfn.RANK.AVG(E36,E36:E59,0) -> 4 | E35: =calc!O44 -> 21653834 | G35: =calc!P44 -> 19025 | I35: =calc!Q44 -> 62
C36: =calc!N45 -> Lalitchandra Vadali | D36: =_xlfn.RANK.AVG(E37,E37:E60,0) -> 10 | E36: =calc!O45 -> 32413454 | G36: =calc!P45 -> 28964 | I36: =calc!Q45 -> 78
C37: =calc!N46 -> Mayur Kousika | D37: =_xlfn.RANK.AVG(E38,E38:E61,0) -> 13 | E37: =calc!O46 -> 30142629 | G37: =calc!P46 -> 26993 | I37: =calc!Q46 -> 70
C38: =calc!N47 -> Nazeer Basha Mustafa | D38: =_xlfn.RANK.AVG(E39,E39:E62,0) -> 9 | E38: =calc!O47 -> 24271403 | G38: =calc!P47 -> 20573 | I38: =calc!Q47 -> 70
C39: =calc!N48 -> Oorjit Nandanavanam | D39: =_xlfn.RANK.AVG(E40,E40:E63,0) -> 8 | E39: =calc!O48 -> 30175071 | G39: =calc!P48 -> 28141 | I39: =calc!Q48 -> 77
... C52: =calc!N61 -> Yedukondalu Panditula | D52: =_xlfn.RANK.AVG(E53,E53:E76,0) -> #N/A | E52: =calc!O61 -> 23935272 | G52: =calc!P61 -> 20389 | I52: =calc!Q61 -> 68

Sheet calc
C7: Sum of Amount | D7: Sum of Boxes | E7: Count of Product | F7: Distinct Count of Sales Person | G7: avg amount per person
C8: 7.5017749e+08 | D8: 669020 | E8: 1800 | F8: 25 | G8: 30007100
C30: Row Labels | D30: SALES BY GEOGRAPHY | F30: Row Labels | G30: SALES BY GEOGRAPHY
C31: India | D31: 1.32235e+08 | F31: Bars | G31: 3.7099536e+08
C32: Australia | D32: 1.3026934e+08 | F32: Bites | G32: 2.4016426e+08
C33: USA | D33: 1.2777364e+08 | F33: Other | G33: 1.3901787e+08
C34: UK | D34: 1.2175029e+08 | F34: Grand Total | G34: 7.5017749e+08
C35: Canada | D35: 1.2038342e+08
C36: New Zealand | D36: 1.1776578e+08 | N36: Row Labels | O36: SALES BY GEOGRAPHY | P36: Sum of Boxes | Q36: Count of Product
C37: Grand Total | D37: 7.5017749e+08 | N37: Devrat Damarsingh | O37: 33361934 | P37: 30608 | Q37: 77
N38: Devsena Veluvalapalli | O38: 34520949 | P38: 33282 | Q38: 76
N39: Dinanath Simhambhatla | O39: 37033916 | P39: 30805 | Q39: 81
N40: Duran Appala | O40: 26761927 | P40: 24550 | Q40: 71
N41: Gopal Venkata | O41: 27533038 | P41: 23645 | Q41: 70
N42: Gowri Sankar Chakrala | O42: 34079382 | P42: 30966 | Q42: 80
N43: Jaipal Potanapudi | O43: 28619176 | P43: 25820 | Q43: 65
N44: John Joseph | O44: 21653834 | P44: 19025 | Q44: 62
N45: Lalitchandra Vadali | O45: 32413454 | P45: 28964 | Q45: 78
N46: Mayur Kousika | O46: 30142629 | P46: 26993 | Q46: 70
N47: Nazeer Basha Mustafa | O47: 24271403 | P47: 20573 | Q47: 70
N48: Oorjit Nandanavanam | O48: 30175071 | P48: 28141 | Q48: 77
N49: Parasuramudu Jamakayala | O49: 30316626 | P49: 26096 | Q49: 70
... N62: Grand Total | O62: 7.5017749e+08 | P62: 669020 | Q62: 1800
